﻿<?xml version="1.0" standalone="yes"?>
<GRMProject>
  <ProjectSettings>
    <ProjectFile>C:\Nakdong\sb\GD\gd.gmp</ProjectFile>
    <GRMStaticDB>C:\GRM\GRMStaticDB.xml</GRMStaticDB>
    <GRMSimulationType>RealTime</GRMSimulationType>
    <SimulStartingTime>2012-09-16 12:00</SimulStartingTime>
    <SimulEndingTime>2012-09-18 12:00</SimulEndingTime>
    <WatershedFile>G:/TEST/FIll.tif</WatershedFile>
    <SlopeFile>G:/TEST/FIll.tif</SlopeFile>
    <FlowDirectionFile>G:/TEST/FD.tif</FlowDirectionFile>
    <FlowAccumFile>FD</FlowAccumFile>
    <StreamFile>C:\Nakdong\sb\GD\watershed\GD500_Stream3.asc</StreamFile>
    <ChannelWidthFile></ChannelWidthFile>
    <LandCoverDataType>File</LandCoverDataType>
    <LandCoverFile>C:\Nakdong\sb\GD\watershed\GD500_LC.asc</LandCoverFile>
    <LandCoverVATFile>C:\Nakdong\sb\GD\watershed\GD500_LC.vat</LandCoverVATFile>
    <SoilTextureDataType>File</SoilTextureDataType>
    <SoilTextureFile>C:\Nakdong\sb\GD\watershed\GD500_STexture.asc</SoilTextureFile>
    <SoilTextureVATFile>C:\Nakdong\sb\GD\watershed\GD500_STexture.vat</SoilTextureVATFile>
    <SoilDepthDataType>File</SoilDepthDataType>
    <SoilDepthFile>C:\Nakdong\sb\GD\watershed\GD500_SDepth.asc</SoilDepthFile>
    <SoilDepthVATFile>C:\Nakdong\sb\GD\watershed\GD500_SDepth.vat</SoilDepthVATFile>
    <RainfallDataType>TextFileASCgrid</RainfallDataType>
    <RainfallInterval>10</RainfallInterval>
    <RainfallStartsFrom>2012-09-16 12:00</RainfallStartsFrom>
    <RainfallEndsAt>2012-09-18 23:50</RainfallEndsAt>
    <RainfallDuration>3600</RainfallDuration>
    <RainfallDataFile>C:\Nakdong\sb\GD\gd_rf_201209161200_ascfiles.txt</RainfallDataFile>
    <FlowDirectionType>StartsFromN</FlowDirectionType>
    <GridCellSize>500</GridCellSize>
    <WatershedCellCount>6020</WatershedCellCount>
    <ComputationalTimeStep>5</ComputationalTimeStep>
    <SimulationDuration>48</SimulationDuration>
    <OutputTimeStep>10</OutputTimeStep>
    <SimulateInfiltration>true</SimulateInfiltration>
    <SimulateSubsurfaceFlow>true</SimulateSubsurfaceFlow>
    <SimulateBaseFlow>true</SimulateBaseFlow>
    <SimulateFlowControl>true</SimulateFlowControl>
    <WatchPointColor>255,255,0,255</WatchPointColor>
    <WatchPointCount>4</WatchPointCount>
    <CrossSectionType>CSSingle</CrossSectionType>
    <UserChannelWidthCellColor>255,0,255,255</UserChannelWidthCellColor>
    <SingleCSChannelWidthType>CWEquation</SingleCSChannelWidthType>
    <ChannelWidthEQc>1.698</ChannelWidthEQc>
    <ChannelWidthEQd>0.318</ChannelWidthEQd>
    <ChannelWidthEQe>0.5</ChannelWidthEQe>
    <LowerRegionHeight>0</LowerRegionHeight>
    <LowerRegionBaseWidth>0</LowerRegionBaseWidth>
    <UpperRegionBaseWidth>0</UpperRegionBaseWidth>
    <CompoundCSIniFlowDepth>0</CompoundCSIniFlowDepth>
    <CompoundCSChannelWidthLimit>0</CompoundCSChannelWidthLimit>
    <BankSideSlopeRight>1.5</BankSideSlopeRight>
    <BankSideSlopeLeft>1.5</BankSideSlopeLeft>
    <FlowControlCellColor>255,128,0,0</FlowControlCellColor>
    <FlowAccumulationMax>17765</FlowAccumulationMax>
    <ProjectSavedTime>2016-09-07 12:20</ProjectSavedTime>
    <ComputerName>CYS-PC</ComputerName>
    <ComputerUserName />
    <GRMVersion>2015.1.6094.21044</GRMVersion>
  </ProjectSettings>
  <SubWatershedSettings>
    <ID>1</ID>
    <IniSaturation>1</IniSaturation>
    <MinSlopeOF>0.0001</MinSlopeOF>
    <MinSlopeChBed>0.0002</MinSlopeChBed>
    <MinChBaseWidth>50</MinChBaseWidth>
    <ChRoughness>0.055</ChRoughness>
    <DryStreamOrder>0</DryStreamOrder>
    <IniFlow>350</IniFlow>
    <CalCoefLCRoughness>1</CalCoefLCRoughness>
    <CalCoefPorosity>1</CalCoefPorosity>
    <CalCoefWFSuctionHead>1</CalCoefWFSuctionHead>
    <CalCoefHydraulicK>2</CalCoefHydraulicK>
    <CalCoefSoilDepth>1</CalCoefSoilDepth>
    <UserSet>true</UserSet>
  </SubWatershedSettings>
  <WatchPoints>
    <CVID>1018</CVID>
    <Name>gd_md</Name>
    <FlowAccumulation>17765</FlowAccumulation>
    <CellType>ChannelFlow</CellType>
    <ColX>12</ColX>
    <RowY>51</RowY>
  </WatchPoints>
  <WatchPoints>
    <CVID>1557</CVID>
    <Name>gd_gd</Name>
    <FlowAccumulation>16841</FlowAccumulation>
    <CellType>ChannelFlow</CellType>
    <ColX>39</ColX>
    <RowY>57</RowY>
  </WatchPoints>
  <WatchPoints>
    <CVID>1074</CVID>
    <Name>gd_add</Name>
    <FlowAccumulation>6401</FlowAccumulation>
    <CellType>ChannelFlow</CellType>
    <ColX>90</ColX>
    <RowY>51</RowY>
  </WatchPoints>
  <WatchPoints>
    <CVID>1534</CVID>
    <Name>gd_ihd</Name>
    <FlowAccumulation>5349</FlowAccumulation>
    <CellType>ChannelFlow</CellType>
    <ColX>108</ColX>
    <RowY>56</RowY>
  </WatchPoints>
  <FlowControlGrid>
    <CVID>1074</CVID>
    <ColX>90</ColX>
    <RowY>51</RowY>
    <Name>gd_fc_add</Name>
    <ControlType>Inlet</ControlType>
    <DT>10</DT>
    <FlowDataFile>C:\Nakdong\sb\GD\discharge\gd_fc_add_201209161200_201209182350.txt</FlowDataFile>
  </FlowControlGrid>
  <FlowControlGrid>
    <CVID>1534</CVID>
    <ColX>108</ColX>
    <RowY>56</RowY>
    <Name>gd_fc_ihd</Name>
    <ControlType>Inlet</ControlType>
    <DT>10</DT>
    <FlowDataFile>C:\Nakdong\sb\GD\discharge\gd_fc_ihd_201209161200_201209182350.txt</FlowDataFile>
  </FlowControlGrid>
  <GreenAmptParameter>
    <GridValue>1</GridValue>
    <USERSoil>미사질식양토</USERSoil>
    <GRMCode>SiCL</GRMCode>
    <GRMTextureE>SiltyClayLoam</GRMTextureE>
    <GRMTextureK>미사질식양토</GRMTextureK>
    <Porosity>0.471</Porosity>
    <EffectivePorosity>0.432</EffectivePorosity>
    <WFSoilSuctionHead>27.3</WFSoilSuctionHead>
    <HydraulicConductivity>0.1</HydraulicConductivity>
  </GreenAmptParameter>
  <GreenAmptParameter>
    <GridValue>2</GridValue>
    <USERSoil>미사질양토</USERSoil>
    <GRMCode>SiL</GRMCode>
    <GRMTextureE>SiltLoam</GRMTextureE>
    <GRMTextureK>미사질양토</GRMTextureK>
    <Porosity>0.501</Porosity>
    <EffectivePorosity>0.486</EffectivePorosity>
    <WFSoilSuctionHead>16.68</WFSoilSuctionHead>
    <HydraulicConductivity>0.65</HydraulicConductivity>
  </GreenAmptParameter>
  <GreenAmptParameter>
    <GridValue>3</GridValue>
    <USERSoil>사양토</USERSoil>
    <GRMCode>SL</GRMCode>
    <GRMTextureE>SandyLoam</GRMTextureE>
    <GRMTextureK>사양토</GRMTextureK>
    <Porosity>0.453</Porosity>
    <EffectivePorosity>0.412</EffectivePorosity>
    <WFSoilSuctionHead>11.01</WFSoilSuctionHead>
    <HydraulicConductivity>1.09</HydraulicConductivity>
  </GreenAmptParameter>
  <GreenAmptParameter>
    <GridValue>4</GridValue>
    <USERSoil>사토</USERSoil>
    <GRMCode>S</GRMCode>
    <GRMTextureE>Sand</GRMTextureE>
    <GRMTextureK>사토</GRMTextureK>
    <Porosity>0.437</Porosity>
    <EffectivePorosity>0.417</EffectivePorosity>
    <WFSoilSuctionHead>4.95</WFSoilSuctionHead>
    <HydraulicConductivity>11.78</HydraulicConductivity>
  </GreenAmptParameter>
  <GreenAmptParameter>
    <GridValue>5</GridValue>
    <USERSoil>식양토</USERSoil>
    <GRMCode>CL</GRMCode>
    <GRMTextureE>ClayLoam</GRMTextureE>
    <GRMTextureK>식양토</GRMTextureK>
    <Porosity>0.464</Porosity>
    <EffectivePorosity>0.309</EffectivePorosity>
    <WFSoilSuctionHead>20.88</WFSoilSuctionHead>
    <HydraulicConductivity>0.1</HydraulicConductivity>
  </GreenAmptParameter>
  <GreenAmptParameter>
    <GridValue>6</GridValue>
    <USERSoil>식토</USERSoil>
    <GRMCode>C</GRMCode>
    <GRMTextureE>Clay</GRMTextureE>
    <GRMTextureK>식토</GRMTextureK>
    <Porosity>0.475</Porosity>
    <EffectivePorosity>0.385</EffectivePorosity>
    <WFSoilSuctionHead>31.63</WFSoilSuctionHead>
    <HydraulicConductivity>0.03</HydraulicConductivity>
  </GreenAmptParameter>
  <GreenAmptParameter>
    <GridValue>7</GridValue>
    <USERSoil>양질사토</USERSoil>
    <GRMCode>LS</GRMCode>
    <GRMTextureE>LoamySand</GRMTextureE>
    <GRMTextureK>양질사토</GRMTextureK>
    <Porosity>0.437</Porosity>
    <EffectivePorosity>0.401</EffectivePorosity>
    <WFSoilSuctionHead>6.13</WFSoilSuctionHead>
    <HydraulicConductivity>2.99</HydraulicConductivity>
  </GreenAmptParameter>
  <GreenAmptParameter>
    <GridValue>8</GridValue>
    <USERSoil>양토</USERSoil>
    <GRMCode>L</GRMCode>
    <GRMTextureE>Loam</GRMTextureE>
    <GRMTextureK>양토</GRMTextureK>
    <Porosity>0.463</Porosity>
    <EffectivePorosity>0.434</EffectivePorosity>
    <WFSoilSuctionHead>8.89</WFSoilSuctionHead>
    <HydraulicConductivity>0.34</HydraulicConductivity>
  </GreenAmptParameter>
  <LandCover>
    <GridValue>100</GridValue>
    <UserLandCover>시가화/건조지역</UserLandCover>
    <GRMLandCoverCode>URBN</GRMLandCoverCode>
    <GRMLandCoverE>Urban</GRMLandCoverE>
    <GRMLandCoverK>시가화/건조지역</GRMLandCoverK>
    <RoughnessCoefficient>0.015</RoughnessCoefficient>
    <ImperviousRatio>0.853</ImperviousRatio>
  </LandCover>
  <LandCover>
    <GridValue>200</GridValue>
    <UserLandCover>농업지역</UserLandCover>
    <GRMLandCoverCode>AGRL</GRMLandCoverCode>
    <GRMLandCoverE>Agricultural Area</GRMLandCoverE>
    <GRMLandCoverK>농업지역</GRMLandCoverK>
    <RoughnessCoefficient>0.035</RoughnessCoefficient>
    <ImperviousRatio>0.391</ImperviousRatio>
  </LandCover>
  <LandCover>
    <GridValue>300</GridValue>
    <UserLandCover>산림지역</UserLandCover>
    <GRMLandCoverCode>FRST</GRMLandCoverCode>
    <GRMLandCoverE>Forest</GRMLandCoverE>
    <GRMLandCoverK>산림지역</GRMLandCoverK>
    <RoughnessCoefficient>0.1</RoughnessCoefficient>
    <ImperviousRatio>0.05</ImperviousRatio>
  </LandCover>
  <LandCover>
    <GridValue>400</GridValue>
    <UserLandCover>초지</UserLandCover>
    <GRMLandCoverCode>GRSS</GRMLandCoverCode>
    <GRMLandCoverE>Grass</GRMLandCoverE>
    <GRMLandCoverK>초지</GRMLandCoverK>
    <RoughnessCoefficient>0.15</RoughnessCoefficient>
    <ImperviousRatio>0.44</ImperviousRatio>
  </LandCover>
  <LandCover>
    <GridValue>500</GridValue>
    <UserLandCover>습지</UserLandCover>
    <GRMLandCoverCode>WTLD</GRMLandCoverCode>
    <GRMLandCoverE>Wetland</GRMLandCoverE>
    <GRMLandCoverK>습지</GRMLandCoverK>
    <RoughnessCoefficient>0.07</RoughnessCoefficient>
    <ImperviousRatio>1</ImperviousRatio>
  </LandCover>
  <LandCover>
    <GridValue>600</GridValue>
    <UserLandCover>나지</UserLandCover>
    <GRMLandCoverCode>BARE</GRMLandCoverCode>
    <GRMLandCoverE>Bare</GRMLandCoverE>
    <GRMLandCoverK>나지</GRMLandCoverK>
    <RoughnessCoefficient>0.02</RoughnessCoefficient>
    <ImperviousRatio>0.442</ImperviousRatio>
  </LandCover>
  <LandCover>
    <GridValue>700</GridValue>
    <UserLandCover>수역</UserLandCover>
    <GRMLandCoverCode>WATR</GRMLandCoverCode>
    <GRMLandCoverE>Water</GRMLandCoverE>
    <GRMLandCoverK>수역</GRMLandCoverK>
    <RoughnessCoefficient>0.03</RoughnessCoefficient>
    <ImperviousRatio>1</ImperviousRatio>
  </LandCover>
  <SoilDepth>
    <GridValue>1</GridValue>
    <UserDepthClass>깊음</UserDepthClass>
    <GRMDepthCode>D</GRMDepthCode>
    <SoilDepthClassE>Deep</SoilDepthClassE>
    <SoilDepthClassK>깊음</SoilDepthClassK>
    <SoilDepth>125</SoilDepth>
  </SoilDepth>
  <SoilDepth>
    <GridValue>2</GridValue>
    <UserDepthClass>매우얕음</UserDepthClass>
    <GRMDepthCode>VS</GRMDepthCode>
    <SoilDepthClassE>VeryShallow</SoilDepthClassE>
    <SoilDepthClassK>매우얕음</SoilDepthClassK>
    <SoilDepth>10</SoilDepth>
  </SoilDepth>
  <SoilDepth>
    <GridValue>3</GridValue>
    <UserDepthClass>보통</UserDepthClass>
    <GRMDepthCode>MDMS</GRMDepthCode>
    <SoilDepthClassE>ModeratelyDeepOrModeratelyShallow</SoilDepthClassE>
    <SoilDepthClassK>보통</SoilDepthClassK>
    <SoilDepth>75</SoilDepth>
  </SoilDepth>
  <SoilDepth>
    <GridValue>4</GridValue>
    <UserDepthClass>얕음</UserDepthClass>
    <GRMDepthCode>S</GRMDepthCode>
    <SoilDepthClassE>Shallow</SoilDepthClassE>
    <SoilDepthClassK>얕음</SoilDepthClassK>
    <SoilDepth>25</SoilDepth>
  </SoilDepth>
</GRMProject>