<Employees><Employee LayerName="wisdepth200"><LayerPath>C:\GRM\Sample\Data\wisdepth200.asc</LayerPath></Employee><Employee LayerName="wistext200"><LayerPath>C:\GRM\Sample\Data\wistext200.asc</LayerPath></Employee><Employee LayerName="wilc200"><LayerPath>C:\GRM\Sample\Data\wilc200.asc</LayerPath></Employee><Employee LayerName="WiStream6"><LayerPath>C:\GRM\Sample\Data\WiStream6.asc</LayerPath></Employee><Employee LayerName="WiFAc"><LayerPath>C:\GRM\Sample\Data\WiFAc.asc</LayerPath></Employee><Employee LayerName="WiFDir"><LayerPath>C:\GRM\Sample\Data\WiFDir.asc</LayerPath></Employee><Employee LayerName="Wi_Slope_ST"><LayerPath>C:\GRM\Sample\Data\Wi_Slope_ST.asc</LayerPath></Employee><Employee LayerName="WiWatershed"><LayerPath>C:\GRM\Sample\Data\WiWatershed.asc</LayerPath></Employee></Employees>